/*
Navicat MySQL Data Transfer

Source Server         : 本地
Source Server Version : 50717
Source Host           : localhost:3306
Source Database       : im

Target Server Type    : MYSQL
Target Server Version : 50717
File Encoding         : 65001

Date: 2017-09-22 14:07:07
*/

SET FOREIGN_KEY_CHECKS=0;

-- ----------------------------
-- Table structure for `im`
-- ----------------------------
DROP TABLE IF EXISTS `im`;
CREATE TABLE `im` (
  `uuid` int(5) NOT NULL AUTO_INCREMENT,
  `user_name` varchar(15) NOT NULL,
  `password` varchar(10) NOT NULL,
  `login_time` datetime DEFAULT NULL,
  PRIMARY KEY (`uuid`)
) ENGINE=InnoDB AUTO_INCREMENT=93356 DEFAULT CHARSET=utf8;

-- ----------------------------
-- Records of im
-- ----------------------------
INSERT INTO `im` VALUES ('10203', '1er', '1r', '2017-09-18 19:52:19');
INSERT INTO `im` VALUES ('11234', '高阳阳', '1', '2017-09-18 19:58:08');
INSERT INTO `im` VALUES ('11373', 'undefined', '1', null);
INSERT INTO `im` VALUES ('12611', 's', '1', null);
INSERT INTO `im` VALUES ('13142', '1', '1', null);
INSERT INTO `im` VALUES ('19218', 'yangyang', '1', null);
INSERT INTO `im` VALUES ('20417', 'gao', '12', '2017-09-21 13:04:22');
INSERT INTO `im` VALUES ('26679', '撒的发生', 's', null);
INSERT INTO `im` VALUES ('35636', '高阳阳', '1', null);
INSERT INTO `im` VALUES ('37775', '啊啊啊', '1', null);
INSERT INTO `im` VALUES ('37884', 'gaoyangayng', '1r', '2017-09-21 20:25:43');
INSERT INTO `im` VALUES ('42029', 'yangyang', '1', null);
INSERT INTO `im` VALUES ('42416', 'yangyang', '1', null);
INSERT INTO `im` VALUES ('46149', '1', '1', null);
INSERT INTO `im` VALUES ('46776', 'sssssss', '123456', null);
INSERT INTO `im` VALUES ('47846', '1', 'qqqqq', null);
INSERT INTO `im` VALUES ('49301', 's', '1', null);
INSERT INTO `im` VALUES ('54325', 'yangyang', '1', null);
INSERT INTO `im` VALUES ('68377', 'yangyang', '1', null);
INSERT INTO `im` VALUES ('72378', 'd', '1', '2017-09-18 19:38:36');
INSERT INTO `im` VALUES ('78299', 'yangyang', '2', null);
INSERT INTO `im` VALUES ('80066', 'undefined', '1', null);
INSERT INTO `im` VALUES ('80932', '1er', '1r', null);
INSERT INTO `im` VALUES ('83502', 'yangyang', '1', null);
INSERT INTO `im` VALUES ('83926', 'undefined', '1', null);
INSERT INTO `im` VALUES ('84769', 's', '1', null);
INSERT INTO `im` VALUES ('93355', 'gaoyangayng', '1r', '2017-09-21 17:15:16');

-- ----------------------------
-- Table structure for `message`
-- ----------------------------
DROP TABLE IF EXISTS `message`;
CREATE TABLE `message` (
  `id` int(5) NOT NULL AUTO_INCREMENT,
  `uuid` int(5) NOT NULL,
  `msg` varchar(255) NOT NULL,
  `create_time` datetime DEFAULT NULL,
  PRIMARY KEY (`id`)
) ENGINE=InnoDB AUTO_INCREMENT=10316 DEFAULT CHARSET=utf8;

-- ----------------------------
-- Records of message
-- ----------------------------
INSERT INTO `message` VALUES ('10204', '10203', 'wdaae', '2017-09-18 17:23:21');
INSERT INTO `message` VALUES ('10205', '10203', 'wdwefwefwe', '2017-09-18 17:41:02');
INSERT INTO `message` VALUES ('10206', '10203', 'wdsefsd', '2017-09-18 17:42:05');
INSERT INTO `message` VALUES ('10207', '10203', 'adssaf', '2017-09-18 17:42:05');
INSERT INTO `message` VALUES ('10208', '10203', 'dfrsgvf', '2017-09-18 17:42:05');
INSERT INTO `message` VALUES ('10209', '10203', '啊是否堵塞的', '2017-09-18 17:42:05');
INSERT INTO `message` VALUES ('10210', '10203', '大声说道', '2017-09-18 17:48:19');
INSERT INTO `message` VALUES ('10211', '10203', '啊三分到手的股份', '2017-09-18 17:48:19');
INSERT INTO `message` VALUES ('10212', '10203', '撒旦撒法', '2017-09-18 18:10:16');
INSERT INTO `message` VALUES ('10213', '10203', '车费多少个', '2017-09-18 18:10:16');
INSERT INTO `message` VALUES ('10214', '10203', '范德萨', '2017-09-18 18:10:16');
INSERT INTO `message` VALUES ('10215', '10203', 'asda ', '2017-09-18 18:13:58');
INSERT INTO `message` VALUES ('10216', '10203', '都十分出色的', '2017-09-18 18:14:30');
INSERT INTO `message` VALUES ('10217', '10203', '啊撒钱的', '2017-09-18 18:15:47');
INSERT INTO `message` VALUES ('10218', '10203', '阿萨', '2017-09-18 18:20:16');
INSERT INTO `message` VALUES ('10219', '10203', '啊实打实的', '2017-09-18 18:39:03');
INSERT INTO `message` VALUES ('10220', '10203', '啊实打实的', '2017-09-18 18:39:03');
INSERT INTO `message` VALUES ('10221', '10203', 'asda是', '2017-09-18 18:40:09');
INSERT INTO `message` VALUES ('10222', '10203', '大商股份vd', '2017-09-18 18:40:56');
INSERT INTO `message` VALUES ('10223', '10203', '<img src=\"./images/gif/5.gif\" border=\"0\" />', '2017-09-18 18:41:24');
INSERT INTO `message` VALUES ('10224', '10203', '<img src=\"./images/gif/19.gif\" border=\"0\" />', '2017-09-18 18:41:24');
INSERT INTO `message` VALUES ('10225', '10203', '阿萨', '2017-09-18 18:41:24');
INSERT INTO `message` VALUES ('10226', '10203', '<img src=\"./images/gif/5.gif\" border=\"0\" />', '2017-09-18 18:41:24');
INSERT INTO `message` VALUES ('10227', '10203', 'SD ', '2017-09-18 18:42:19');
INSERT INTO `message` VALUES ('10228', '10203', 'dasf', '2017-09-18 18:53:48');
INSERT INTO `message` VALUES ('10229', '10203', 'asfdasf', '2017-09-18 19:11:25');
INSERT INTO `message` VALUES ('10230', '10203', 'sdg', '2017-09-18 19:11:25');
INSERT INTO `message` VALUES ('10231', '72378', 'asdasds ', '2017-09-18 19:28:51');
INSERT INTO `message` VALUES ('10232', '72378', '是的发送到', '2017-09-18 19:38:36');
INSERT INTO `message` VALUES ('10233', '72378', '请问请问', '2017-09-18 19:38:36');
INSERT INTO `message` VALUES ('10234', '10203', 'dsfsdg', '2017-09-18 19:38:36');
INSERT INTO `message` VALUES ('10235', '10203', 'fdvc', '2017-09-18 19:38:36');
INSERT INTO `message` VALUES ('10236', '10203', 'sdfsd', '2017-09-18 19:38:36');
INSERT INTO `message` VALUES ('10237', '72378', '水电费', '2017-09-18 19:38:36');
INSERT INTO `message` VALUES ('10238', '10203', 'dgegds', '2017-09-19 10:37:17');
INSERT INTO `message` VALUES ('10239', '10203', 'qwrfdew', '2017-09-19 10:37:17');
INSERT INTO `message` VALUES ('10240', '10203', 'awfdwe', '2017-09-19 10:37:17');
INSERT INTO `message` VALUES ('10241', '10203', 'sdsd', '2017-09-19 10:38:41');
INSERT INTO `message` VALUES ('10242', '10203', 'dfcsv', '2017-09-19 10:38:41');
INSERT INTO `message` VALUES ('10243', '10203', 'rewqgfre', '2017-09-19 10:38:41');
INSERT INTO `message` VALUES ('10244', '10203', '我发的人', '2017-09-19 10:53:28');
INSERT INTO `message` VALUES ('10245', '10203', '', '2017-09-19 10:53:28');
INSERT INTO `message` VALUES ('10246', '10203', 'GRE', '2017-09-19 10:53:28');
INSERT INTO `message` VALUES ('10247', '10203', '', '2017-09-19 10:53:28');
INSERT INTO `message` VALUES ('10248', '10203', '大锅饭', '2017-09-19 10:53:28');
INSERT INTO `message` VALUES ('10249', '10203', '辅导费', '2017-09-19 10:53:28');
INSERT INTO `message` VALUES ('10250', '10203', '第三个', '2017-09-19 10:53:28');
INSERT INTO `message` VALUES ('10251', '10203', '111111', '2017-09-19 10:53:28');
INSERT INTO `message` VALUES ('10252', '10203', 'wfsd ', '2017-09-19 11:09:14');
INSERT INTO `message` VALUES ('10253', '10203', '', '2017-09-19 11:09:14');
INSERT INTO `message` VALUES ('10254', '10203', 'qqq', '2017-09-19 11:09:14');
INSERT INTO `message` VALUES ('10255', '10203', '去都v反而', '2017-09-19 11:34:13');
INSERT INTO `message` VALUES ('10256', '10203', '我的钱无', '2017-09-19 16:02:27');
INSERT INTO `message` VALUES ('10257', '10203', '<img src=\"./images/gif/19.gif\" border=\"0\" />', '2017-09-21 12:02:55');
INSERT INTO `message` VALUES ('10258', '10203', '<img src=\"./images/gif/68.gif\" border=\"0\" />', '2017-09-21 12:02:55');
INSERT INTO `message` VALUES ('10259', '10203', 'gjh<img src=\"./images/gif/21.gif\" border=\"0\" />', '2017-09-21 12:02:55');
INSERT INTO `message` VALUES ('10260', '10203', '', '2017-09-21 12:23:22');
INSERT INTO `message` VALUES ('10261', '10203', 'sdadsad', '2017-09-21 12:34:56');
INSERT INTO `message` VALUES ('10262', '10203', '<img src=\"./images/gif/50.gif\" border=\"0\" />', '2017-09-21 12:36:10');
INSERT INTO `message` VALUES ('10263', '10203', 'htrgn', '2017-09-21 12:41:57');
INSERT INTO `message` VALUES ('10264', '10203', 'dsgdbf', '2017-09-21 12:41:57');
INSERT INTO `message` VALUES ('10265', '10203', '1111111', '2017-09-21 12:41:57');
INSERT INTO `message` VALUES ('10266', '10203', 'ddfsdefvds', '2017-09-21 12:41:57');
INSERT INTO `message` VALUES ('10267', '10203', 'dasdsw', '2017-09-21 12:41:57');
INSERT INTO `message` VALUES ('10268', '10203', 'aDSAWSD', '2017-09-21 12:41:57');
INSERT INTO `message` VALUES ('10269', '10203', 'asdweas', '2017-09-21 12:41:57');
INSERT INTO `message` VALUES ('10270', '10203', '1111111111111111', '2017-09-21 12:41:57');
INSERT INTO `message` VALUES ('10271', '10203', 'sdas', '2017-09-21 12:41:57');
INSERT INTO `message` VALUES ('10272', '10203', '111111111111', '2017-09-21 12:41:57');
INSERT INTO `message` VALUES ('10273', '10203', '222222222222', '2017-09-21 12:41:57');
INSERT INTO `message` VALUES ('10274', '10203', '11111111111', '2017-09-21 12:41:57');
INSERT INTO `message` VALUES ('10275', '10203', '111111111111', '2017-09-21 12:41:57');
INSERT INTO `message` VALUES ('10276', '10203', 'qqqq', '2017-09-21 12:41:57');
INSERT INTO `message` VALUES ('10277', '10203', '1111111111111111', '2017-09-21 12:41:57');
INSERT INTO `message` VALUES ('10278', '10203', '1111111111111', '2017-09-21 12:41:57');
INSERT INTO `message` VALUES ('10279', '10203', 'qqqqqqqqqqq', '2017-09-21 12:41:57');
INSERT INTO `message` VALUES ('10280', '10203', '111111111111', '2017-09-21 12:41:57');
INSERT INTO `message` VALUES ('10281', '10203', '1111', '2017-09-21 13:04:22');
INSERT INTO `message` VALUES ('10282', '10203', 'sadsafs', '2017-09-21 13:04:22');
INSERT INTO `message` VALUES ('10283', '20417', 'dsfdsfd', '2017-09-21 13:04:22');
INSERT INTO `message` VALUES ('10284', '93355', 'aq', '2017-09-21 17:15:16');
INSERT INTO `message` VALUES ('10285', '93355', 'fdrewsafasdvgfdb', '2017-09-21 17:15:16');
INSERT INTO `message` VALUES ('10286', '93355', 'qqq', '2017-09-21 17:15:16');
INSERT INTO `message` VALUES ('10287', '93355', 'qqqqq', '2017-09-21 17:15:16');
INSERT INTO `message` VALUES ('10288', '93355', '11111111111111111111111111111111111111111111111111111111111111111111111111111111111111111111111111111111111111111111111111111111111111111111111111111', '2017-09-21 17:15:16');
INSERT INTO `message` VALUES ('10289', '93355', 'ASXAS ', '2017-09-21 17:40:18');
INSERT INTO `message` VALUES ('10290', '93355', 'QDAQS', '2017-09-21 17:40:18');
INSERT INTO `message` VALUES ('10291', '93355', '<img src=\"./images/gif/18.gif\" border=\"0\" />', '2017-09-21 17:40:18');
INSERT INTO `message` VALUES ('10292', '93355', '1', '2017-09-21 17:49:03');
INSERT INTO `message` VALUES ('10293', '93355', '1', '2017-09-21 17:49:03');
INSERT INTO `message` VALUES ('10294', '93355', '我企鹅王恶趣味', '2017-09-21 17:49:03');
INSERT INTO `message` VALUES ('10295', '93355', '请问对方违反', '2017-09-21 17:51:53');
INSERT INTO `message` VALUES ('10296', '93355', '刹车地方撒旦', '2017-09-21 17:51:53');
INSERT INTO `message` VALUES ('10297', '93355', '111111111111', '2017-09-21 17:51:53');
INSERT INTO `message` VALUES ('10298', '93355', '请求请求群群群群群群', '2017-09-21 17:51:53');
INSERT INTO `message` VALUES ('10299', '93355', '111111', '2017-09-21 17:51:53');
INSERT INTO `message` VALUES ('10300', '93355', '11111', '2017-09-21 17:51:53');
INSERT INTO `message` VALUES ('10301', '93355', 'qqq ', '2017-09-21 17:51:53');
INSERT INTO `message` VALUES ('10302', '93355', '111', '2017-09-21 18:07:02');
INSERT INTO `message` VALUES ('10303', '93355', 'qqq', '2017-09-21 18:07:02');
INSERT INTO `message` VALUES ('10304', '93355', 'qq', '2017-09-21 18:07:02');
INSERT INTO `message` VALUES ('10305', '93355', 'qqqq', '2017-09-21 18:07:02');
INSERT INTO `message` VALUES ('10306', '93355', 'aa', '2017-09-21 18:07:02');
INSERT INTO `message` VALUES ('10307', '20417', 'qdsqafc ', '2017-09-21 18:07:02');
INSERT INTO `message` VALUES ('10308', '20417', '<img src=\"./images/gif/18.gif\" border=\"0\" />', '2017-09-21 18:21:42');
INSERT INTO `message` VALUES ('10309', '20417', '<img src=\"./images/gif/18.gif\" border=\"0\" />', '2017-09-21 18:21:42');
INSERT INTO `message` VALUES ('10310', '93355', '<img src=\"./images/gif/17.gif\" border=\"0\" />', '2017-09-21 18:21:42');
INSERT INTO `message` VALUES ('10311', '20417', '<img src=\"./images/gif/18.gif\" border=\"0\" />', '2017-09-21 18:21:42');
INSERT INTO `message` VALUES ('10312', '93355', 'vim ~/.bash_profile', '2017-09-21 18:21:42');
INSERT INTO `message` VALUES ('10313', '93355', '/usr/local/node-v6/bin/node', '2017-09-21 18:21:42');
INSERT INTO `message` VALUES ('10314', '37884', '<img src=\"./images/gif/33.gif\" border=\"0\" />', '2017-09-21 20:25:43');
INSERT INTO `message` VALUES ('10315', '37884', '<img src=\"./images/gif/64.gif\" border=\"0\" />', '2017-09-21 20:25:43');

-- ----------------------------
-- Table structure for `usertime`
-- ----------------------------
DROP TABLE IF EXISTS `usertime`;
CREATE TABLE `usertime` (
  `id` int(11) NOT NULL AUTO_INCREMENT,
  `uuid` int(5) NOT NULL,
  `status_id` int(11) NOT NULL,
  `update_time` datetime NOT NULL,
  `room_id` int(5) DEFAULT NULL,
  PRIMARY KEY (`id`)
) ENGINE=InnoDB AUTO_INCREMENT=504 DEFAULT CHARSET=utf8;

-- ----------------------------
-- Records of usertime
-- ----------------------------
INSERT INTO `usertime` VALUES ('1', '10203', '1', '2017-09-19 10:37:17', null);
INSERT INTO `usertime` VALUES ('2', '10203', '1', '2017-09-19 10:37:17', null);
INSERT INTO `usertime` VALUES ('3', '10203', '1', '2017-09-19 10:38:41', null);
INSERT INTO `usertime` VALUES ('4', '10203', '0', '2017-09-19 10:38:41', null);
INSERT INTO `usertime` VALUES ('5', '10203', '1', '2017-09-19 10:38:41', null);
INSERT INTO `usertime` VALUES ('6', '10203', '0', '2017-09-19 10:38:41', null);
INSERT INTO `usertime` VALUES ('7', '10203', '1', '2017-09-19 10:38:41', null);
INSERT INTO `usertime` VALUES ('8', '10203', '0', '2017-09-19 10:38:41', null);
INSERT INTO `usertime` VALUES ('9', '10203', '1', '2017-09-19 10:38:41', null);
INSERT INTO `usertime` VALUES ('10', '10203', '0', '2017-09-19 10:38:41', null);
INSERT INTO `usertime` VALUES ('11', '10203', '1', '2017-09-19 10:38:41', null);
INSERT INTO `usertime` VALUES ('12', '10203', '0', '2017-09-19 10:38:41', null);
INSERT INTO `usertime` VALUES ('13', '10203', '1', '2017-09-19 10:38:41', null);
INSERT INTO `usertime` VALUES ('14', '10203', '0', '2017-09-19 10:38:41', null);
INSERT INTO `usertime` VALUES ('15', '10203', '1', '2017-09-19 10:38:41', null);
INSERT INTO `usertime` VALUES ('16', '10203', '1', '2017-09-19 10:47:08', null);
INSERT INTO `usertime` VALUES ('17', '10203', '1', '2017-09-19 10:48:57', null);
INSERT INTO `usertime` VALUES ('18', '10203', '0', '2017-09-19 10:48:57', null);
INSERT INTO `usertime` VALUES ('19', '10203', '1', '2017-09-19 10:48:57', null);
INSERT INTO `usertime` VALUES ('20', '10203', '1', '2017-09-19 10:49:44', null);
INSERT INTO `usertime` VALUES ('21', '10203', '1', '2017-09-19 10:50:38', null);
INSERT INTO `usertime` VALUES ('22', '10203', '0', '2017-09-19 10:50:38', null);
INSERT INTO `usertime` VALUES ('23', '10203', '1', '2017-09-19 10:50:38', null);
INSERT INTO `usertime` VALUES ('24', '10203', '0', '2017-09-19 10:50:38', null);
INSERT INTO `usertime` VALUES ('25', '10203', '1', '2017-09-19 10:50:38', null);
INSERT INTO `usertime` VALUES ('26', '10203', '0', '2017-09-19 10:53:28', null);
INSERT INTO `usertime` VALUES ('27', '10203', '1', '2017-09-19 10:53:28', null);
INSERT INTO `usertime` VALUES ('28', '10203', '0', '2017-09-19 10:53:28', null);
INSERT INTO `usertime` VALUES ('29', '10203', '1', '2017-09-19 10:53:28', null);
INSERT INTO `usertime` VALUES ('30', '10203', '1', '2017-09-19 10:53:28', null);
INSERT INTO `usertime` VALUES ('31', '10203', '0', '2017-09-19 10:53:28', null);
INSERT INTO `usertime` VALUES ('32', '10203', '1', '2017-09-19 10:53:28', null);
INSERT INTO `usertime` VALUES ('33', '10203', '0', '2017-09-19 10:53:28', null);
INSERT INTO `usertime` VALUES ('34', '10203', '0', '2017-09-19 10:53:28', null);
INSERT INTO `usertime` VALUES ('35', '10203', '1', '2017-09-19 10:53:28', null);
INSERT INTO `usertime` VALUES ('36', '10203', '0', '2017-09-19 10:53:28', null);
INSERT INTO `usertime` VALUES ('37', '10203', '0', '2017-09-19 10:53:28', null);
INSERT INTO `usertime` VALUES ('38', '10203', '1', '2017-09-19 10:53:28', null);
INSERT INTO `usertime` VALUES ('39', '10203', '1', '2017-09-19 10:53:28', null);
INSERT INTO `usertime` VALUES ('40', '10203', '0', '2017-09-19 10:53:28', null);
INSERT INTO `usertime` VALUES ('41', '10203', '1', '2017-09-19 10:53:28', null);
INSERT INTO `usertime` VALUES ('42', '10203', '1', '2017-09-19 11:07:07', null);
INSERT INTO `usertime` VALUES ('43', '10203', '0', '2017-09-19 11:08:45', null);
INSERT INTO `usertime` VALUES ('44', '10203', '1', '2017-09-19 11:08:45', null);
INSERT INTO `usertime` VALUES ('45', '10203', '1', '2017-09-19 11:09:14', null);
INSERT INTO `usertime` VALUES ('46', '10203', '0', '2017-09-19 11:09:14', null);
INSERT INTO `usertime` VALUES ('47', '10203', '1', '2017-09-19 11:09:14', null);
INSERT INTO `usertime` VALUES ('48', '10203', '0', '2017-09-19 11:09:14', null);
INSERT INTO `usertime` VALUES ('49', '10203', '1', '2017-09-19 11:09:14', null);
INSERT INTO `usertime` VALUES ('50', '10203', '0', '2017-09-19 11:14:14', null);
INSERT INTO `usertime` VALUES ('51', '10203', '1', '2017-09-19 11:14:47', null);
INSERT INTO `usertime` VALUES ('52', '10203', '1', '2017-09-19 11:16:51', null);
INSERT INTO `usertime` VALUES ('53', '10203', '0', '2017-09-19 11:32:21', null);
INSERT INTO `usertime` VALUES ('54', '10203', '1', '2017-09-19 11:32:21', null);
INSERT INTO `usertime` VALUES ('55', '10203', '1', '2017-09-19 11:34:13', null);
INSERT INTO `usertime` VALUES ('56', '10203', '0', '2017-09-19 11:34:13', null);
INSERT INTO `usertime` VALUES ('57', '10203', '1', '2017-09-19 11:34:13', null);
INSERT INTO `usertime` VALUES ('58', '10203', '0', '2017-09-19 11:34:13', null);
INSERT INTO `usertime` VALUES ('59', '10203', '1', '2017-09-19 11:34:13', null);
INSERT INTO `usertime` VALUES ('60', '10203', '0', '2017-09-19 11:34:13', null);
INSERT INTO `usertime` VALUES ('61', '10203', '1', '2017-09-19 11:34:13', null);
INSERT INTO `usertime` VALUES ('62', '10203', '1', '2017-09-19 16:02:27', null);
INSERT INTO `usertime` VALUES ('63', '10203', '1', '2017-09-19 16:02:27', null);
INSERT INTO `usertime` VALUES ('64', '10203', '0', '2017-09-19 16:02:27', null);
INSERT INTO `usertime` VALUES ('65', '10203', '1', '2017-09-21 12:02:55', null);
INSERT INTO `usertime` VALUES ('66', '10203', '0', '2017-09-21 12:02:55', null);
INSERT INTO `usertime` VALUES ('67', '10203', '1', '2017-09-21 12:02:55', null);
INSERT INTO `usertime` VALUES ('68', '10203', '0', '2017-09-21 12:02:55', null);
INSERT INTO `usertime` VALUES ('69', '10203', '1', '2017-09-21 12:02:55', null);
INSERT INTO `usertime` VALUES ('70', '10203', '0', '2017-09-21 12:23:22', null);
INSERT INTO `usertime` VALUES ('71', '10203', '1', '2017-09-21 12:23:22', null);
INSERT INTO `usertime` VALUES ('72', '10203', '0', '2017-09-21 12:23:22', null);
INSERT INTO `usertime` VALUES ('73', '10203', '1', '2017-09-21 12:23:22', null);
INSERT INTO `usertime` VALUES ('74', '10203', '0', '2017-09-21 12:23:22', null);
INSERT INTO `usertime` VALUES ('75', '10203', '1', '2017-09-21 12:23:22', null);
INSERT INTO `usertime` VALUES ('76', '10203', '0', '2017-09-21 12:23:22', null);
INSERT INTO `usertime` VALUES ('77', '10203', '1', '2017-09-21 12:23:22', null);
INSERT INTO `usertime` VALUES ('78', '10203', '0', '2017-09-21 12:23:22', null);
INSERT INTO `usertime` VALUES ('79', '10203', '1', '2017-09-21 12:23:22', null);
INSERT INTO `usertime` VALUES ('80', '10203', '0', '2017-09-21 12:23:22', null);
INSERT INTO `usertime` VALUES ('81', '10203', '1', '2017-09-21 12:23:22', null);
INSERT INTO `usertime` VALUES ('82', '10203', '0', '2017-09-21 12:23:22', null);
INSERT INTO `usertime` VALUES ('83', '10203', '1', '2017-09-21 12:23:22', null);
INSERT INTO `usertime` VALUES ('84', '10203', '0', '2017-09-21 12:23:22', null);
INSERT INTO `usertime` VALUES ('85', '10203', '1', '2017-09-21 12:23:22', null);
INSERT INTO `usertime` VALUES ('86', '10203', '0', '2017-09-21 12:23:22', null);
INSERT INTO `usertime` VALUES ('87', '10203', '1', '2017-09-21 12:23:22', null);
INSERT INTO `usertime` VALUES ('88', '10203', '0', '2017-09-21 12:23:22', null);
INSERT INTO `usertime` VALUES ('89', '10203', '1', '2017-09-21 12:23:22', null);
INSERT INTO `usertime` VALUES ('90', '10203', '0', '2017-09-21 12:23:22', null);
INSERT INTO `usertime` VALUES ('91', '10203', '1', '2017-09-21 12:23:22', null);
INSERT INTO `usertime` VALUES ('92', '10203', '0', '2017-09-21 12:23:22', null);
INSERT INTO `usertime` VALUES ('93', '10203', '1', '2017-09-21 12:23:22', null);
INSERT INTO `usertime` VALUES ('94', '10203', '0', '2017-09-21 12:23:22', null);
INSERT INTO `usertime` VALUES ('95', '10203', '1', '2017-09-21 12:23:22', null);
INSERT INTO `usertime` VALUES ('96', '10203', '0', '2017-09-21 12:23:22', null);
INSERT INTO `usertime` VALUES ('97', '10203', '1', '2017-09-21 12:23:22', null);
INSERT INTO `usertime` VALUES ('98', '10203', '0', '2017-09-21 12:23:22', null);
INSERT INTO `usertime` VALUES ('99', '10203', '1', '2017-09-21 12:23:22', null);
INSERT INTO `usertime` VALUES ('100', '10203', '0', '2017-09-21 12:23:22', null);
INSERT INTO `usertime` VALUES ('101', '10203', '1', '2017-09-21 12:23:22', null);
INSERT INTO `usertime` VALUES ('102', '10203', '0', '2017-09-21 12:23:22', null);
INSERT INTO `usertime` VALUES ('103', '10203', '1', '2017-09-21 12:23:22', null);
INSERT INTO `usertime` VALUES ('104', '10203', '0', '2017-09-21 12:23:22', null);
INSERT INTO `usertime` VALUES ('105', '10203', '1', '2017-09-21 12:23:22', null);
INSERT INTO `usertime` VALUES ('106', '10203', '0', '2017-09-21 12:23:22', null);
INSERT INTO `usertime` VALUES ('107', '10203', '1', '2017-09-21 12:23:22', null);
INSERT INTO `usertime` VALUES ('108', '10203', '0', '2017-09-21 12:23:22', null);
INSERT INTO `usertime` VALUES ('109', '10203', '1', '2017-09-21 12:23:22', null);
INSERT INTO `usertime` VALUES ('110', '10203', '0', '2017-09-21 12:23:22', null);
INSERT INTO `usertime` VALUES ('111', '10203', '1', '2017-09-21 12:23:22', null);
INSERT INTO `usertime` VALUES ('112', '10203', '1', '2017-09-21 12:34:56', null);
INSERT INTO `usertime` VALUES ('113', '10203', '0', '2017-09-21 12:34:56', null);
INSERT INTO `usertime` VALUES ('114', '10203', '1', '2017-09-21 12:34:56', null);
INSERT INTO `usertime` VALUES ('115', '10203', '1', '2017-09-21 12:36:10', null);
INSERT INTO `usertime` VALUES ('116', '10203', '0', '2017-09-21 12:36:10', null);
INSERT INTO `usertime` VALUES ('117', '10203', '1', '2017-09-21 12:36:10', null);
INSERT INTO `usertime` VALUES ('118', '10203', '0', '2017-09-21 12:36:10', null);
INSERT INTO `usertime` VALUES ('119', '10203', '1', '2017-09-21 12:36:10', null);
INSERT INTO `usertime` VALUES ('120', '10203', '0', '2017-09-21 12:36:10', null);
INSERT INTO `usertime` VALUES ('121', '10203', '1', '2017-09-21 12:36:10', null);
INSERT INTO `usertime` VALUES ('122', '10203', '0', '2017-09-21 12:36:10', null);
INSERT INTO `usertime` VALUES ('123', '10203', '1', '2017-09-21 12:36:10', null);
INSERT INTO `usertime` VALUES ('124', '10203', '0', '2017-09-21 12:36:10', null);
INSERT INTO `usertime` VALUES ('125', '10203', '1', '2017-09-21 12:36:10', null);
INSERT INTO `usertime` VALUES ('126', '10203', '0', '2017-09-21 12:36:10', null);
INSERT INTO `usertime` VALUES ('127', '10203', '1', '2017-09-21 12:36:10', null);
INSERT INTO `usertime` VALUES ('128', '10203', '0', '2017-09-21 12:38:46', null);
INSERT INTO `usertime` VALUES ('129', '10203', '1', '2017-09-21 12:38:46', null);
INSERT INTO `usertime` VALUES ('130', '10203', '0', '2017-09-21 12:38:46', null);
INSERT INTO `usertime` VALUES ('131', '10203', '1', '2017-09-21 12:38:46', null);
INSERT INTO `usertime` VALUES ('132', '10203', '0', '2017-09-21 12:38:46', null);
INSERT INTO `usertime` VALUES ('133', '10203', '1', '2017-09-21 12:38:46', null);
INSERT INTO `usertime` VALUES ('134', '10203', '0', '2017-09-21 12:41:57', null);
INSERT INTO `usertime` VALUES ('135', '10203', '1', '2017-09-21 12:41:57', null);
INSERT INTO `usertime` VALUES ('136', '10203', '0', '2017-09-21 12:41:57', null);
INSERT INTO `usertime` VALUES ('137', '10203', '1', '2017-09-21 12:41:57', null);
INSERT INTO `usertime` VALUES ('138', '10203', '0', '2017-09-21 12:41:57', null);
INSERT INTO `usertime` VALUES ('139', '10203', '1', '2017-09-21 12:41:57', null);
INSERT INTO `usertime` VALUES ('140', '10203', '0', '2017-09-21 12:41:57', null);
INSERT INTO `usertime` VALUES ('141', '10203', '1', '2017-09-21 12:41:57', null);
INSERT INTO `usertime` VALUES ('142', '10203', '0', '2017-09-21 12:41:57', null);
INSERT INTO `usertime` VALUES ('143', '10203', '1', '2017-09-21 12:41:57', null);
INSERT INTO `usertime` VALUES ('144', '10203', '0', '2017-09-21 12:41:57', null);
INSERT INTO `usertime` VALUES ('145', '10203', '1', '2017-09-21 12:41:57', null);
INSERT INTO `usertime` VALUES ('146', '10203', '0', '2017-09-21 12:41:57', null);
INSERT INTO `usertime` VALUES ('147', '10203', '1', '2017-09-21 12:41:57', null);
INSERT INTO `usertime` VALUES ('148', '10203', '0', '2017-09-21 12:41:57', null);
INSERT INTO `usertime` VALUES ('149', '10203', '1', '2017-09-21 12:41:57', null);
INSERT INTO `usertime` VALUES ('150', '10203', '0', '2017-09-21 12:41:57', null);
INSERT INTO `usertime` VALUES ('151', '10203', '1', '2017-09-21 12:41:57', null);
INSERT INTO `usertime` VALUES ('152', '10203', '0', '2017-09-21 12:41:57', null);
INSERT INTO `usertime` VALUES ('153', '10203', '1', '2017-09-21 12:41:57', null);
INSERT INTO `usertime` VALUES ('154', '10203', '0', '2017-09-21 12:41:57', null);
INSERT INTO `usertime` VALUES ('155', '10203', '1', '2017-09-21 12:41:57', null);
INSERT INTO `usertime` VALUES ('156', '10203', '0', '2017-09-21 12:41:57', null);
INSERT INTO `usertime` VALUES ('157', '10203', '1', '2017-09-21 12:41:57', null);
INSERT INTO `usertime` VALUES ('158', '10203', '0', '2017-09-21 12:41:57', null);
INSERT INTO `usertime` VALUES ('159', '10203', '1', '2017-09-21 12:41:57', null);
INSERT INTO `usertime` VALUES ('160', '10203', '0', '2017-09-21 12:41:57', null);
INSERT INTO `usertime` VALUES ('161', '10203', '1', '2017-09-21 12:41:57', null);
INSERT INTO `usertime` VALUES ('162', '10203', '0', '2017-09-21 12:41:57', null);
INSERT INTO `usertime` VALUES ('163', '10203', '1', '2017-09-21 12:41:57', null);
INSERT INTO `usertime` VALUES ('164', '10203', '0', '2017-09-21 12:41:57', null);
INSERT INTO `usertime` VALUES ('165', '10203', '1', '2017-09-21 12:41:57', null);
INSERT INTO `usertime` VALUES ('166', '10203', '0', '2017-09-21 12:41:57', null);
INSERT INTO `usertime` VALUES ('167', '10203', '1', '2017-09-21 12:41:57', null);
INSERT INTO `usertime` VALUES ('168', '10203', '0', '2017-09-21 12:41:57', null);
INSERT INTO `usertime` VALUES ('169', '10203', '1', '2017-09-21 12:41:57', null);
INSERT INTO `usertime` VALUES ('170', '10203', '0', '2017-09-21 12:41:57', null);
INSERT INTO `usertime` VALUES ('171', '10203', '1', '2017-09-21 12:41:57', null);
INSERT INTO `usertime` VALUES ('172', '10203', '0', '2017-09-21 12:41:57', null);
INSERT INTO `usertime` VALUES ('173', '10203', '0', '2017-09-21 12:41:57', null);
INSERT INTO `usertime` VALUES ('174', '10203', '1', '2017-09-21 12:41:57', null);
INSERT INTO `usertime` VALUES ('175', '10203', '0', '2017-09-21 12:41:57', null);
INSERT INTO `usertime` VALUES ('176', '10203', '1', '2017-09-21 12:41:57', null);
INSERT INTO `usertime` VALUES ('177', '10203', '0', '2017-09-21 12:41:57', null);
INSERT INTO `usertime` VALUES ('178', '10203', '1', '2017-09-21 12:41:57', null);
INSERT INTO `usertime` VALUES ('179', '10203', '1', '2017-09-21 12:41:57', null);
INSERT INTO `usertime` VALUES ('180', '10203', '1', '2017-09-21 12:41:57', null);
INSERT INTO `usertime` VALUES ('181', '10203', '0', '2017-09-21 12:41:57', null);
INSERT INTO `usertime` VALUES ('182', '10203', '1', '2017-09-21 12:41:57', null);
INSERT INTO `usertime` VALUES ('183', '10203', '1', '2017-09-21 12:41:57', null);
INSERT INTO `usertime` VALUES ('184', '10203', '0', '2017-09-21 12:41:57', null);
INSERT INTO `usertime` VALUES ('185', '10203', '1', '2017-09-21 12:41:57', null);
INSERT INTO `usertime` VALUES ('186', '10203', '0', '2017-09-21 12:41:57', null);
INSERT INTO `usertime` VALUES ('187', '10203', '0', '2017-09-21 12:41:57', null);
INSERT INTO `usertime` VALUES ('188', '10203', '0', '2017-09-21 12:41:57', null);
INSERT INTO `usertime` VALUES ('189', '10203', '1', '2017-09-21 12:41:57', null);
INSERT INTO `usertime` VALUES ('190', '10203', '0', '2017-09-21 12:41:57', null);
INSERT INTO `usertime` VALUES ('191', '10203', '0', '2017-09-21 12:41:57', null);
INSERT INTO `usertime` VALUES ('192', '10203', '1', '2017-09-21 12:41:57', null);
INSERT INTO `usertime` VALUES ('193', '10203', '0', '2017-09-21 12:41:57', null);
INSERT INTO `usertime` VALUES ('194', '10203', '1', '2017-09-21 12:41:57', null);
INSERT INTO `usertime` VALUES ('195', '10203', '0', '2017-09-21 12:41:57', null);
INSERT INTO `usertime` VALUES ('196', '10203', '1', '2017-09-21 12:41:57', null);
INSERT INTO `usertime` VALUES ('197', '10203', '1', '2017-09-21 13:04:22', null);
INSERT INTO `usertime` VALUES ('198', '10203', '0', '2017-09-21 13:04:22', null);
INSERT INTO `usertime` VALUES ('199', '10203', '1', '2017-09-21 13:04:22', null);
INSERT INTO `usertime` VALUES ('200', '10203', '0', '2017-09-21 13:04:22', null);
INSERT INTO `usertime` VALUES ('201', '10203', '1', '2017-09-21 13:04:22', null);
INSERT INTO `usertime` VALUES ('202', '10203', '0', '2017-09-21 13:04:22', null);
INSERT INTO `usertime` VALUES ('203', '10203', '1', '2017-09-21 13:04:22', null);
INSERT INTO `usertime` VALUES ('204', '10203', '0', '2017-09-21 13:04:22', null);
INSERT INTO `usertime` VALUES ('205', '10203', '1', '2017-09-21 13:04:22', null);
INSERT INTO `usertime` VALUES ('206', '10203', '0', '2017-09-21 13:04:22', null);
INSERT INTO `usertime` VALUES ('207', '10203', '1', '2017-09-21 13:04:22', null);
INSERT INTO `usertime` VALUES ('208', '10203', '0', '2017-09-21 13:04:22', null);
INSERT INTO `usertime` VALUES ('209', '10203', '1', '2017-09-21 13:04:22', null);
INSERT INTO `usertime` VALUES ('210', '10203', '0', '2017-09-21 13:04:22', null);
INSERT INTO `usertime` VALUES ('211', '10203', '1', '2017-09-21 13:04:22', null);
INSERT INTO `usertime` VALUES ('212', '10203', '0', '2017-09-21 13:04:22', null);
INSERT INTO `usertime` VALUES ('213', '10203', '1', '2017-09-21 13:04:22', null);
INSERT INTO `usertime` VALUES ('214', '10203', '0', '2017-09-21 13:04:22', null);
INSERT INTO `usertime` VALUES ('215', '10203', '1', '2017-09-21 13:04:22', null);
INSERT INTO `usertime` VALUES ('216', '20417', '1', '2017-09-21 13:04:22', null);
INSERT INTO `usertime` VALUES ('217', '20417', '0', '2017-09-21 13:04:22', null);
INSERT INTO `usertime` VALUES ('218', '20417', '1', '2017-09-21 13:04:22', null);
INSERT INTO `usertime` VALUES ('219', '10203', '0', '2017-09-21 13:04:22', null);
INSERT INTO `usertime` VALUES ('220', '10203', '1', '2017-09-21 13:04:22', null);
INSERT INTO `usertime` VALUES ('221', '10203', '0', '2017-09-21 13:04:22', null);
INSERT INTO `usertime` VALUES ('222', '10203', '1', '2017-09-21 13:04:22', null);
INSERT INTO `usertime` VALUES ('223', '20417', '0', '2017-09-21 13:04:22', null);
INSERT INTO `usertime` VALUES ('224', '20417', '1', '2017-09-21 13:04:22', null);
INSERT INTO `usertime` VALUES ('225', '10203', '0', '2017-09-21 13:04:22', null);
INSERT INTO `usertime` VALUES ('226', '10203', '1', '2017-09-21 13:04:22', null);
INSERT INTO `usertime` VALUES ('227', '20417', '0', '2017-09-21 13:04:22', null);
INSERT INTO `usertime` VALUES ('228', '20417', '1', '2017-09-21 13:04:22', null);
INSERT INTO `usertime` VALUES ('229', '20417', '0', '2017-09-21 13:04:22', null);
INSERT INTO `usertime` VALUES ('230', '20417', '1', '2017-09-21 13:04:22', null);
INSERT INTO `usertime` VALUES ('231', '93355', '1', '2017-09-21 17:15:16', null);
INSERT INTO `usertime` VALUES ('232', '93355', '0', '2017-09-21 17:15:16', null);
INSERT INTO `usertime` VALUES ('233', '93355', '1', '2017-09-21 17:15:16', null);
INSERT INTO `usertime` VALUES ('234', '93355', '0', '2017-09-21 17:15:16', null);
INSERT INTO `usertime` VALUES ('235', '93355', '1', '2017-09-21 17:15:16', null);
INSERT INTO `usertime` VALUES ('236', '93355', '0', '2017-09-21 17:15:16', null);
INSERT INTO `usertime` VALUES ('237', '93355', '1', '2017-09-21 17:15:16', null);
INSERT INTO `usertime` VALUES ('238', '93355', '0', '2017-09-21 17:15:16', null);
INSERT INTO `usertime` VALUES ('239', '93355', '1', '2017-09-21 17:15:16', null);
INSERT INTO `usertime` VALUES ('240', '93355', '0', '2017-09-21 17:15:16', null);
INSERT INTO `usertime` VALUES ('241', '93355', '1', '2017-09-21 17:15:16', null);
INSERT INTO `usertime` VALUES ('242', '93355', '0', '2017-09-21 17:15:16', null);
INSERT INTO `usertime` VALUES ('243', '93355', '1', '2017-09-21 17:15:16', null);
INSERT INTO `usertime` VALUES ('244', '93355', '0', '2017-09-21 17:15:16', null);
INSERT INTO `usertime` VALUES ('245', '93355', '1', '2017-09-21 17:15:16', null);
INSERT INTO `usertime` VALUES ('246', '93355', '0', '2017-09-21 17:15:16', null);
INSERT INTO `usertime` VALUES ('247', '93355', '1', '2017-09-21 17:15:16', null);
INSERT INTO `usertime` VALUES ('248', '93355', '0', '2017-09-21 17:15:16', null);
INSERT INTO `usertime` VALUES ('249', '93355', '1', '2017-09-21 17:15:16', null);
INSERT INTO `usertime` VALUES ('250', '93355', '0', '2017-09-21 17:15:16', null);
INSERT INTO `usertime` VALUES ('251', '93355', '1', '2017-09-21 17:15:16', null);
INSERT INTO `usertime` VALUES ('252', '93355', '0', '2017-09-21 17:15:16', null);
INSERT INTO `usertime` VALUES ('253', '93355', '1', '2017-09-21 17:15:16', null);
INSERT INTO `usertime` VALUES ('254', '93355', '0', '2017-09-21 17:15:16', null);
INSERT INTO `usertime` VALUES ('255', '93355', '1', '2017-09-21 17:15:16', null);
INSERT INTO `usertime` VALUES ('256', '93355', '0', '2017-09-21 17:15:16', null);
INSERT INTO `usertime` VALUES ('257', '93355', '1', '2017-09-21 17:15:16', null);
INSERT INTO `usertime` VALUES ('258', '93355', '0', '2017-09-21 17:15:16', null);
INSERT INTO `usertime` VALUES ('259', '93355', '1', '2017-09-21 17:15:16', null);
INSERT INTO `usertime` VALUES ('260', '93355', '0', '2017-09-21 17:15:16', null);
INSERT INTO `usertime` VALUES ('261', '93355', '1', '2017-09-21 17:15:16', null);
INSERT INTO `usertime` VALUES ('262', '93355', '0', '2017-09-21 17:15:16', null);
INSERT INTO `usertime` VALUES ('263', '93355', '1', '2017-09-21 17:15:16', null);
INSERT INTO `usertime` VALUES ('264', '93355', '0', '2017-09-21 17:15:16', null);
INSERT INTO `usertime` VALUES ('265', '93355', '1', '2017-09-21 17:15:16', null);
INSERT INTO `usertime` VALUES ('266', '93355', '0', '2017-09-21 17:15:16', null);
INSERT INTO `usertime` VALUES ('267', '93355', '1', '2017-09-21 17:15:16', null);
INSERT INTO `usertime` VALUES ('268', '93355', '0', '2017-09-21 17:15:16', null);
INSERT INTO `usertime` VALUES ('269', '93355', '1', '2017-09-21 17:15:16', null);
INSERT INTO `usertime` VALUES ('270', '93355', '0', '2017-09-21 17:15:16', null);
INSERT INTO `usertime` VALUES ('271', '93355', '1', '2017-09-21 17:15:16', null);
INSERT INTO `usertime` VALUES ('272', '93355', '0', '2017-09-21 17:15:16', null);
INSERT INTO `usertime` VALUES ('273', '93355', '1', '2017-09-21 17:15:16', null);
INSERT INTO `usertime` VALUES ('274', '93355', '0', '2017-09-21 17:15:16', null);
INSERT INTO `usertime` VALUES ('275', '93355', '1', '2017-09-21 17:15:16', null);
INSERT INTO `usertime` VALUES ('276', '93355', '0', '2017-09-21 17:15:16', null);
INSERT INTO `usertime` VALUES ('277', '93355', '1', '2017-09-21 17:15:16', null);
INSERT INTO `usertime` VALUES ('278', '93355', '0', '2017-09-21 17:15:16', null);
INSERT INTO `usertime` VALUES ('279', '93355', '1', '2017-09-21 17:15:16', null);
INSERT INTO `usertime` VALUES ('280', '93355', '0', '2017-09-21 17:15:16', null);
INSERT INTO `usertime` VALUES ('281', '93355', '1', '2017-09-21 17:15:16', null);
INSERT INTO `usertime` VALUES ('282', '93355', '0', '2017-09-21 17:15:16', null);
INSERT INTO `usertime` VALUES ('283', '93355', '1', '2017-09-21 17:15:16', null);
INSERT INTO `usertime` VALUES ('284', '93355', '0', '2017-09-21 17:15:16', null);
INSERT INTO `usertime` VALUES ('285', '93355', '1', '2017-09-21 17:15:16', null);
INSERT INTO `usertime` VALUES ('286', '93355', '0', '2017-09-21 17:15:16', null);
INSERT INTO `usertime` VALUES ('287', '93355', '1', '2017-09-21 17:15:16', null);
INSERT INTO `usertime` VALUES ('288', '93355', '0', '2017-09-21 17:15:16', null);
INSERT INTO `usertime` VALUES ('289', '93355', '1', '2017-09-21 17:15:16', null);
INSERT INTO `usertime` VALUES ('290', '93355', '0', '2017-09-21 17:15:16', null);
INSERT INTO `usertime` VALUES ('291', '93355', '1', '2017-09-21 17:15:16', null);
INSERT INTO `usertime` VALUES ('292', '93355', '0', '2017-09-21 17:15:16', null);
INSERT INTO `usertime` VALUES ('293', '93355', '1', '2017-09-21 17:15:16', null);
INSERT INTO `usertime` VALUES ('294', '93355', '0', '2017-09-21 17:15:16', null);
INSERT INTO `usertime` VALUES ('295', '93355', '1', '2017-09-21 17:15:16', null);
INSERT INTO `usertime` VALUES ('296', '93355', '0', '2017-09-21 17:15:16', null);
INSERT INTO `usertime` VALUES ('297', '93355', '1', '2017-09-21 17:15:16', null);
INSERT INTO `usertime` VALUES ('298', '93355', '0', '2017-09-21 17:15:16', null);
INSERT INTO `usertime` VALUES ('299', '93355', '1', '2017-09-21 17:15:16', null);
INSERT INTO `usertime` VALUES ('300', '93355', '0', '2017-09-21 17:15:16', null);
INSERT INTO `usertime` VALUES ('301', '93355', '1', '2017-09-21 17:15:16', null);
INSERT INTO `usertime` VALUES ('302', '93355', '0', '2017-09-21 17:15:16', null);
INSERT INTO `usertime` VALUES ('303', '93355', '1', '2017-09-21 17:15:16', null);
INSERT INTO `usertime` VALUES ('304', '93355', '0', '2017-09-21 17:15:16', null);
INSERT INTO `usertime` VALUES ('305', '93355', '1', '2017-09-21 17:15:16', null);
INSERT INTO `usertime` VALUES ('306', '93355', '0', '2017-09-21 17:15:16', null);
INSERT INTO `usertime` VALUES ('307', '93355', '1', '2017-09-21 17:15:16', null);
INSERT INTO `usertime` VALUES ('308', '93355', '0', '2017-09-21 17:15:16', null);
INSERT INTO `usertime` VALUES ('309', '93355', '1', '2017-09-21 17:15:16', null);
INSERT INTO `usertime` VALUES ('310', '93355', '0', '2017-09-21 17:15:16', null);
INSERT INTO `usertime` VALUES ('311', '93355', '1', '2017-09-21 17:15:16', null);
INSERT INTO `usertime` VALUES ('312', '93355', '0', '2017-09-21 17:15:16', null);
INSERT INTO `usertime` VALUES ('313', '93355', '1', '2017-09-21 17:15:16', null);
INSERT INTO `usertime` VALUES ('314', '93355', '0', '2017-09-21 17:15:16', null);
INSERT INTO `usertime` VALUES ('315', '93355', '1', '2017-09-21 17:15:16', null);
INSERT INTO `usertime` VALUES ('316', '93355', '1', '2017-09-21 17:38:54', null);
INSERT INTO `usertime` VALUES ('317', '93355', '0', '2017-09-21 17:38:54', null);
INSERT INTO `usertime` VALUES ('318', '93355', '1', '2017-09-21 17:38:54', null);
INSERT INTO `usertime` VALUES ('319', '93355', '1', '2017-09-21 17:40:18', null);
INSERT INTO `usertime` VALUES ('320', '93355', '0', '2017-09-21 17:40:18', null);
INSERT INTO `usertime` VALUES ('321', '93355', '1', '2017-09-21 17:40:18', null);
INSERT INTO `usertime` VALUES ('322', '93355', '0', '2017-09-21 17:40:18', null);
INSERT INTO `usertime` VALUES ('323', '93355', '1', '2017-09-21 17:40:18', null);
INSERT INTO `usertime` VALUES ('324', '93355', '0', '2017-09-21 17:40:18', null);
INSERT INTO `usertime` VALUES ('325', '93355', '1', '2017-09-21 17:40:18', null);
INSERT INTO `usertime` VALUES ('326', '93355', '0', '2017-09-21 17:40:18', null);
INSERT INTO `usertime` VALUES ('327', '93355', '1', '2017-09-21 17:40:18', null);
INSERT INTO `usertime` VALUES ('328', '93355', '0', '2017-09-21 17:40:18', null);
INSERT INTO `usertime` VALUES ('329', '93355', '1', '2017-09-21 17:40:18', null);
INSERT INTO `usertime` VALUES ('330', '93355', '0', '2017-09-21 17:40:18', null);
INSERT INTO `usertime` VALUES ('331', '93355', '1', '2017-09-21 17:40:18', null);
INSERT INTO `usertime` VALUES ('332', '93355', '0', '2017-09-21 17:40:18', null);
INSERT INTO `usertime` VALUES ('333', '93355', '1', '2017-09-21 17:40:18', null);
INSERT INTO `usertime` VALUES ('334', '93355', '0', '2017-09-21 17:40:18', null);
INSERT INTO `usertime` VALUES ('335', '93355', '1', '2017-09-21 17:40:18', null);
INSERT INTO `usertime` VALUES ('336', '93355', '1', '2017-09-21 17:49:03', null);
INSERT INTO `usertime` VALUES ('337', '93355', '0', '2017-09-21 17:49:03', null);
INSERT INTO `usertime` VALUES ('338', '93355', '1', '2017-09-21 17:49:03', null);
INSERT INTO `usertime` VALUES ('339', '93355', '0', '2017-09-21 17:49:03', null);
INSERT INTO `usertime` VALUES ('340', '93355', '1', '2017-09-21 17:49:03', null);
INSERT INTO `usertime` VALUES ('341', '93355', '0', '2017-09-21 17:49:03', null);
INSERT INTO `usertime` VALUES ('342', '93355', '1', '2017-09-21 17:49:03', null);
INSERT INTO `usertime` VALUES ('343', '93355', '0', '2017-09-21 17:49:03', null);
INSERT INTO `usertime` VALUES ('344', '93355', '1', '2017-09-21 17:49:03', null);
INSERT INTO `usertime` VALUES ('345', '93355', '0', '2017-09-21 17:49:03', null);
INSERT INTO `usertime` VALUES ('346', '93355', '1', '2017-09-21 17:49:03', null);
INSERT INTO `usertime` VALUES ('347', '93355', '0', '2017-09-21 17:49:03', null);
INSERT INTO `usertime` VALUES ('348', '93355', '1', '2017-09-21 17:49:03', null);
INSERT INTO `usertime` VALUES ('349', '93355', '0', '2017-09-21 17:49:03', null);
INSERT INTO `usertime` VALUES ('350', '93355', '1', '2017-09-21 17:49:03', null);
INSERT INTO `usertime` VALUES ('351', '93355', '1', '2017-09-21 17:51:53', null);
INSERT INTO `usertime` VALUES ('352', '93355', '0', '2017-09-21 17:51:53', null);
INSERT INTO `usertime` VALUES ('353', '93355', '1', '2017-09-21 17:51:53', null);
INSERT INTO `usertime` VALUES ('354', '93355', '0', '2017-09-21 17:51:53', null);
INSERT INTO `usertime` VALUES ('355', '93355', '1', '2017-09-21 17:51:53', null);
INSERT INTO `usertime` VALUES ('356', '93355', '0', '2017-09-21 17:51:53', null);
INSERT INTO `usertime` VALUES ('357', '93355', '1', '2017-09-21 17:51:53', null);
INSERT INTO `usertime` VALUES ('358', '93355', '0', '2017-09-21 17:51:53', null);
INSERT INTO `usertime` VALUES ('359', '93355', '1', '2017-09-21 17:51:53', null);
INSERT INTO `usertime` VALUES ('360', '93355', '0', '2017-09-21 17:51:53', null);
INSERT INTO `usertime` VALUES ('361', '93355', '1', '2017-09-21 17:51:53', null);
INSERT INTO `usertime` VALUES ('362', '93355', '0', '2017-09-21 17:51:53', null);
INSERT INTO `usertime` VALUES ('363', '93355', '1', '2017-09-21 17:51:53', null);
INSERT INTO `usertime` VALUES ('364', '93355', '0', '2017-09-21 17:51:53', null);
INSERT INTO `usertime` VALUES ('365', '93355', '1', '2017-09-21 17:51:53', null);
INSERT INTO `usertime` VALUES ('366', '93355', '0', '2017-09-21 17:51:53', null);
INSERT INTO `usertime` VALUES ('367', '93355', '1', '2017-09-21 17:51:53', null);
INSERT INTO `usertime` VALUES ('368', '93355', '0', '2017-09-21 17:51:53', null);
INSERT INTO `usertime` VALUES ('369', '93355', '1', '2017-09-21 17:51:53', null);
INSERT INTO `usertime` VALUES ('370', '93355', '0', '2017-09-21 17:51:53', null);
INSERT INTO `usertime` VALUES ('371', '93355', '1', '2017-09-21 17:51:53', null);
INSERT INTO `usertime` VALUES ('372', '93355', '0', '2017-09-21 17:51:53', null);
INSERT INTO `usertime` VALUES ('373', '93355', '1', '2017-09-21 17:51:53', null);
INSERT INTO `usertime` VALUES ('374', '93355', '0', '2017-09-21 17:51:53', null);
INSERT INTO `usertime` VALUES ('375', '93355', '1', '2017-09-21 17:51:53', null);
INSERT INTO `usertime` VALUES ('376', '93355', '0', '2017-09-21 17:51:53', null);
INSERT INTO `usertime` VALUES ('377', '93355', '1', '2017-09-21 17:51:53', null);
INSERT INTO `usertime` VALUES ('378', '93355', '0', '2017-09-21 17:51:53', null);
INSERT INTO `usertime` VALUES ('379', '93355', '1', '2017-09-21 17:51:53', null);
INSERT INTO `usertime` VALUES ('380', '93355', '0', '2017-09-21 17:51:53', null);
INSERT INTO `usertime` VALUES ('381', '93355', '1', '2017-09-21 17:51:53', null);
INSERT INTO `usertime` VALUES ('382', '93355', '0', '2017-09-21 17:51:53', null);
INSERT INTO `usertime` VALUES ('383', '93355', '1', '2017-09-21 17:51:53', null);
INSERT INTO `usertime` VALUES ('384', '93355', '0', '2017-09-21 17:51:53', null);
INSERT INTO `usertime` VALUES ('385', '93355', '1', '2017-09-21 17:51:53', null);
INSERT INTO `usertime` VALUES ('386', '93355', '0', '2017-09-21 18:07:02', null);
INSERT INTO `usertime` VALUES ('387', '93355', '1', '2017-09-21 18:07:02', null);
INSERT INTO `usertime` VALUES ('388', '93355', '0', '2017-09-21 18:07:02', null);
INSERT INTO `usertime` VALUES ('389', '93355', '1', '2017-09-21 18:07:02', null);
INSERT INTO `usertime` VALUES ('390', '93355', '0', '2017-09-21 18:07:02', null);
INSERT INTO `usertime` VALUES ('391', '93355', '1', '2017-09-21 18:07:02', null);
INSERT INTO `usertime` VALUES ('392', '93355', '0', '2017-09-21 18:07:02', null);
INSERT INTO `usertime` VALUES ('393', '93355', '1', '2017-09-21 18:07:02', null);
INSERT INTO `usertime` VALUES ('394', '93355', '0', '2017-09-21 18:07:02', null);
INSERT INTO `usertime` VALUES ('395', '93355', '1', '2017-09-21 18:07:02', null);
INSERT INTO `usertime` VALUES ('396', '93355', '0', '2017-09-21 18:07:02', null);
INSERT INTO `usertime` VALUES ('397', '93355', '1', '2017-09-21 18:07:02', null);
INSERT INTO `usertime` VALUES ('398', '93355', '0', '2017-09-21 18:07:02', null);
INSERT INTO `usertime` VALUES ('399', '93355', '1', '2017-09-21 18:07:02', null);
INSERT INTO `usertime` VALUES ('400', '93355', '0', '2017-09-21 18:07:02', null);
INSERT INTO `usertime` VALUES ('401', '93355', '1', '2017-09-21 18:07:02', null);
INSERT INTO `usertime` VALUES ('402', '93355', '0', '2017-09-21 18:07:02', null);
INSERT INTO `usertime` VALUES ('403', '93355', '1', '2017-09-21 18:07:02', null);
INSERT INTO `usertime` VALUES ('404', '93355', '0', '2017-09-21 18:07:02', null);
INSERT INTO `usertime` VALUES ('405', '93355', '1', '2017-09-21 18:07:02', null);
INSERT INTO `usertime` VALUES ('406', '93355', '0', '2017-09-21 18:07:02', null);
INSERT INTO `usertime` VALUES ('407', '93355', '1', '2017-09-21 18:07:02', null);
INSERT INTO `usertime` VALUES ('408', '93355', '0', '2017-09-21 18:07:02', null);
INSERT INTO `usertime` VALUES ('409', '93355', '1', '2017-09-21 18:07:02', null);
INSERT INTO `usertime` VALUES ('410', '93355', '0', '2017-09-21 18:07:02', null);
INSERT INTO `usertime` VALUES ('411', '93355', '1', '2017-09-21 18:07:02', null);
INSERT INTO `usertime` VALUES ('412', '93355', '0', '2017-09-21 18:07:02', null);
INSERT INTO `usertime` VALUES ('413', '93355', '1', '2017-09-21 18:07:02', null);
INSERT INTO `usertime` VALUES ('414', '93355', '0', '2017-09-21 18:07:02', null);
INSERT INTO `usertime` VALUES ('415', '93355', '1', '2017-09-21 18:07:02', null);
INSERT INTO `usertime` VALUES ('416', '93355', '0', '2017-09-21 18:07:02', null);
INSERT INTO `usertime` VALUES ('417', '93355', '1', '2017-09-21 18:07:02', null);
INSERT INTO `usertime` VALUES ('418', '93355', '0', '2017-09-21 18:07:02', null);
INSERT INTO `usertime` VALUES ('419', '93355', '1', '2017-09-21 18:07:02', null);
INSERT INTO `usertime` VALUES ('420', '93355', '0', '2017-09-21 18:07:02', null);
INSERT INTO `usertime` VALUES ('421', '93355', '1', '2017-09-21 18:07:02', null);
INSERT INTO `usertime` VALUES ('422', '93355', '0', '2017-09-21 18:07:02', null);
INSERT INTO `usertime` VALUES ('423', '93355', '1', '2017-09-21 18:07:02', null);
INSERT INTO `usertime` VALUES ('424', '20417', '0', '2017-09-21 18:07:02', null);
INSERT INTO `usertime` VALUES ('425', '20417', '1', '2017-09-21 18:07:02', null);
INSERT INTO `usertime` VALUES ('426', '20417', '0', '2017-09-21 18:07:02', null);
INSERT INTO `usertime` VALUES ('427', '20417', '1', '2017-09-21 18:07:02', null);
INSERT INTO `usertime` VALUES ('428', '20417', '0', '2017-09-21 18:07:02', null);
INSERT INTO `usertime` VALUES ('429', '20417', '1', '2017-09-21 18:07:02', null);
INSERT INTO `usertime` VALUES ('430', '20417', '0', '2017-09-21 18:07:02', null);
INSERT INTO `usertime` VALUES ('431', '20417', '1', '2017-09-21 18:07:02', null);
INSERT INTO `usertime` VALUES ('432', '20417', '0', '2017-09-21 18:07:02', null);
INSERT INTO `usertime` VALUES ('433', '20417', '1', '2017-09-21 18:07:02', null);
INSERT INTO `usertime` VALUES ('434', '93355', '0', '2017-09-21 18:07:02', null);
INSERT INTO `usertime` VALUES ('435', '93355', '1', '2017-09-21 18:07:02', null);
INSERT INTO `usertime` VALUES ('436', '93355', '0', '2017-09-21 18:07:02', null);
INSERT INTO `usertime` VALUES ('437', '93355', '1', '2017-09-21 18:07:02', null);
INSERT INTO `usertime` VALUES ('438', '93355', '0', '2017-09-21 18:07:02', null);
INSERT INTO `usertime` VALUES ('439', '93355', '1', '2017-09-21 18:07:02', null);
INSERT INTO `usertime` VALUES ('440', '93355', '0', '2017-09-21 18:07:02', null);
INSERT INTO `usertime` VALUES ('441', '93355', '1', '2017-09-21 18:07:02', null);
INSERT INTO `usertime` VALUES ('442', '20417', '0', '2017-09-21 18:07:02', null);
INSERT INTO `usertime` VALUES ('443', '20417', '1', '2017-09-21 18:07:02', null);
INSERT INTO `usertime` VALUES ('444', '20417', '0', '2017-09-21 18:07:02', null);
INSERT INTO `usertime` VALUES ('445', '20417', '1', '2017-09-21 18:07:02', null);
INSERT INTO `usertime` VALUES ('446', '20417', '0', '2017-09-21 18:07:02', null);
INSERT INTO `usertime` VALUES ('447', '20417', '1', '2017-09-21 18:07:02', null);
INSERT INTO `usertime` VALUES ('448', '20417', '0', '2017-09-21 18:07:02', null);
INSERT INTO `usertime` VALUES ('449', '20417', '1', '2017-09-21 18:07:02', null);
INSERT INTO `usertime` VALUES ('450', '20417', '0', '2017-09-21 18:07:02', null);
INSERT INTO `usertime` VALUES ('451', '20417', '1', '2017-09-21 18:07:02', null);
INSERT INTO `usertime` VALUES ('452', '93355', '0', '2017-09-21 18:07:02', null);
INSERT INTO `usertime` VALUES ('453', '93355', '1', '2017-09-21 18:07:02', null);
INSERT INTO `usertime` VALUES ('454', '93355', '0', '2017-09-21 18:07:02', null);
INSERT INTO `usertime` VALUES ('455', '93355', '1', '2017-09-21 18:07:02', null);
INSERT INTO `usertime` VALUES ('456', '93355', '0', '2017-09-21 18:07:02', null);
INSERT INTO `usertime` VALUES ('457', '93355', '1', '2017-09-21 18:07:02', null);
INSERT INTO `usertime` VALUES ('458', '93355', '0', '2017-09-21 18:07:02', null);
INSERT INTO `usertime` VALUES ('459', '93355', '1', '2017-09-21 18:07:02', null);
INSERT INTO `usertime` VALUES ('460', '20417', '0', '2017-09-21 18:07:02', null);
INSERT INTO `usertime` VALUES ('461', '20417', '1', '2017-09-21 18:07:02', null);
INSERT INTO `usertime` VALUES ('462', '93355', '0', '2017-09-21 18:07:02', null);
INSERT INTO `usertime` VALUES ('463', '93355', '1', '2017-09-21 18:07:02', null);
INSERT INTO `usertime` VALUES ('464', '20417', '0', '2017-09-21 18:07:02', null);
INSERT INTO `usertime` VALUES ('465', '20417', '1', '2017-09-21 18:07:02', null);
INSERT INTO `usertime` VALUES ('466', '93355', '0', '2017-09-21 18:07:02', null);
INSERT INTO `usertime` VALUES ('467', '93355', '1', '2017-09-21 18:07:02', null);
INSERT INTO `usertime` VALUES ('468', '93355', '0', '2017-09-21 18:07:02', null);
INSERT INTO `usertime` VALUES ('469', '93355', '1', '2017-09-21 18:07:02', null);
INSERT INTO `usertime` VALUES ('470', '93355', '0', '2017-09-21 18:07:02', null);
INSERT INTO `usertime` VALUES ('471', '93355', '1', '2017-09-21 18:07:02', null);
INSERT INTO `usertime` VALUES ('472', '93355', '0', '2017-09-21 18:07:02', null);
INSERT INTO `usertime` VALUES ('473', '93355', '1', '2017-09-21 18:07:02', null);
INSERT INTO `usertime` VALUES ('474', '93355', '1', '2017-09-21 18:21:42', null);
INSERT INTO `usertime` VALUES ('475', '93355', '0', '2017-09-21 18:21:42', null);
INSERT INTO `usertime` VALUES ('476', '93355', '1', '2017-09-21 18:21:42', null);
INSERT INTO `usertime` VALUES ('477', '93355', '0', '2017-09-21 18:21:42', null);
INSERT INTO `usertime` VALUES ('478', '93355', '1', '2017-09-21 18:21:42', null);
INSERT INTO `usertime` VALUES ('479', '93355', '0', '2017-09-21 18:21:42', null);
INSERT INTO `usertime` VALUES ('480', '93355', '1', '2017-09-21 18:21:42', null);
INSERT INTO `usertime` VALUES ('481', '93355', '0', '2017-09-21 18:21:42', null);
INSERT INTO `usertime` VALUES ('482', '93355', '1', '2017-09-21 18:21:42', null);
INSERT INTO `usertime` VALUES ('483', '93355', '0', '2017-09-21 18:21:42', null);
INSERT INTO `usertime` VALUES ('484', '93355', '1', '2017-09-21 18:21:42', null);
INSERT INTO `usertime` VALUES ('485', '93355', '0', '2017-09-21 18:21:42', null);
INSERT INTO `usertime` VALUES ('486', '93355', '1', '2017-09-21 18:21:42', null);
INSERT INTO `usertime` VALUES ('487', '20417', '0', '2017-09-21 18:21:42', null);
INSERT INTO `usertime` VALUES ('488', '20417', '1', '2017-09-21 18:21:42', null);
INSERT INTO `usertime` VALUES ('489', '20417', '0', '2017-09-21 18:21:42', null);
INSERT INTO `usertime` VALUES ('490', '20417', '1', '2017-09-21 18:21:42', null);
INSERT INTO `usertime` VALUES ('491', '93355', '0', '2017-09-21 18:21:42', null);
INSERT INTO `usertime` VALUES ('492', '93355', '1', '2017-09-21 18:21:42', null);
INSERT INTO `usertime` VALUES ('493', '93355', '0', '2017-09-21 19:20:16', null);
INSERT INTO `usertime` VALUES ('494', '93355', '1', '2017-09-21 20:25:43', null);
INSERT INTO `usertime` VALUES ('495', '93355', '0', '2017-09-21 20:25:43', null);
INSERT INTO `usertime` VALUES ('496', '37884', '1', '2017-09-21 20:25:43', null);
INSERT INTO `usertime` VALUES ('497', '37884', '0', '2017-09-21 20:25:43', null);
INSERT INTO `usertime` VALUES ('498', '37884', '1', '2017-09-21 20:25:43', null);
INSERT INTO `usertime` VALUES ('499', '37884', '0', '2017-09-21 20:25:43', null);
INSERT INTO `usertime` VALUES ('500', '37884', '1', '2017-09-21 20:25:43', null);
INSERT INTO `usertime` VALUES ('501', '37884', '0', '2017-09-21 20:25:43', null);
INSERT INTO `usertime` VALUES ('502', '37884', '1', '2017-09-21 20:25:43', null);
INSERT INTO `usertime` VALUES ('503', '37884', '0', '2017-09-21 20:25:43', null);
